user_id,item_id,view_mode,rating,timestamp
69,201,view,1,2026-01-26T06:35:10.550000+00:00
69,201,add_to_cart,1,2026-01-26T06:35:10.550000+00:00
69,201,purchase,1,2026-01-26T06:35:10.550000+00:00
69,201,purchase,1,2026-01-26T06:35:10.550000+00:00
69,201,purchase,1,2026-01-26T06:35:10.550000+00:00
69,201,purchase,1,2026-01-26T06:35:10.550000+00:00
69,201,purchase,1,2026-01-26T06:35:10.550000+00:00
13,160,purchase,4,2026-01-26T23:34:23.824609
49,147,purchase,3,2026-01-26T23:34:24.045424
72,169,add_to_cart,1,2026-01-26T23:34:24.258838
50,164,add_to_cart,3,2026-01-26T23:34:24.466551
99,171,view,5,2026-01-26T23:34:24.674994
83,155,purchase,3,2026-01-26T23:34:24.881118
24,177,add_to_cart,4,2026-01-26T23:34:25.088407
84,146,view,4,2026-01-26T23:34:25.302034
21,154,add_to_cart,4,2026-01-26T23:34:25.517819
11,172,view,4,2026-01-26T23:34:25.725915
255,154,add_to_cart,4,2026-01-26T23:44:05.955470
120,100,purchase,1,2026-01-26T23:44:06.604280
536,179,view,2,2026-01-26T23:44:07.110986
924,196,view,5,2026-01-26T23:44:07.619809
1374,184,add_to_cart,4,2026-01-26T23:44:08.131754
562,165,purchase,5,2026-01-26T23:44:08.644418
201,181,add_to_cart,2,2026-01-26T23:44:09.156077
1467,160,view,5,2026-01-26T23:44:09.662772
464,172,view,1,2026-01-26T23:44:10.169458
522,198,view,1,2026-01-26T23:44:10.676666
397,102,view,3,2026-01-26T23:44:11.183921
338,164,view,4,2026-01-26T23:44:11.691715
1129,149,view,2,2026-01-26T23:44:12.207030
93,147,view,1,2026-01-26T23:44:12.736453
1128,193,view,5,2026-01-26T23:44:13.248689
255,123,view,5,2026-01-26T23:44:13.773926
652,149,view,3,2026-01-26T23:44:14.282192
1115,142,add_to_cart,1,2026-01-26T23:44:14.792087
1016,172,view,2,2026-01-26T23:44:15.298971
187,195,view,1,2026-01-26T23:44:15.809257
837,108,purchase,5,2026-01-26T23:44:16.318436
857,161,view,2,2026-01-26T23:44:16.831787
1241,182,view,5,2026-01-26T23:44:17.337712
871,149,view,4,2026-01-26T23:44:17.846753
1195,162,purchase,5,2026-01-26T23:44:18.352964
1154,179,purchase,5,2026-01-26T23:44:18.861079
599,106,view,2,2026-01-26T23:44:19.376873
1430,103,view,5,2026-01-26T23:44:19.884314
1400,191,add_to_cart,3,2026-01-26T23:44:20.391745
395,176,view,4,2026-01-26T23:44:20.898876
1461,148,view,1,2026-01-26T23:44:21.404767
521,176,purchase,4,2026-01-26T23:44:21.911397
599,106,view,1,2026-01-26T23:44:22.418846
1406,168,view,5,2026-01-26T23:44:22.926649
676,175,add_to_cart,2,2026-01-26T23:44:23.436351
14,137,view,3,2026-01-26T23:44:23.968568
543,146,view,3,2026-01-26T23:44:24.475794
18,109,view,2,2026-01-26T23:44:25.004953
1047,179,view,1,2026-01-26T23:44:25.511839
1437,136,view,1,2026-01-26T23:44:26.018828
329,194,view,2,2026-01-26T23:44:26.524841
1154,191,add_to_cart,4,2026-01-26T23:44:27.037088
814,185,view,3,2026-01-26T23:44:27.544961
804,122,add_to_cart,3,2026-01-26T23:44:28.052313
1446,113,view,1,2026-01-26T23:44:28.559609
390,150,view,4,2026-01-26T23:44:29.069246
230,113,add_to_cart,4,2026-01-26T23:44:29.575514
683,134,view,5,2026-01-26T23:44:30.081809
1332,134,purchase,4,2026-01-26T23:44:30.588308
1003,190,view,2,2026-01-26T23:44:31.100739
172,103,add_to_cart,2,2026-01-26T23:44:31.608036
520,200,purchase,1,2026-01-26T23:44:32.115848
875,154,view,3,2026-01-26T23:44:32.622485
1498,101,view,4,2026-01-26T23:44:33.134893
402,169,view,5,2026-01-26T23:44:33.641199
838,169,add_to_cart,1,2026-01-26T23:44:34.147309
1066,136,view,4,2026-01-26T23:44:34.652439
1379,135,view,1,2026-01-26T23:44:35.160009
1103,122,add_to_cart,5,2026-01-26T23:44:35.666344
136,122,purchase,3,2026-01-26T23:44:36.175114
658,172,view,2,2026-01-26T23:44:36.693743
1237,114,purchase,5,2026-01-26T23:44:37.200683
205,189,view,3,2026-01-26T23:44:37.710080
1466,183,view,1,2026-01-26T23:44:38.216118
247,123,add_to_cart,4,2026-01-26T23:44:38.772348
476,183,view,2,2026-01-26T23:44:39.294432
612,134,purchase,1,2026-01-26T23:44:39.803834
1499,167,view,3,2026-01-26T23:44:40.311358
334,159,view,5,2026-01-26T23:44:40.817549
778,196,view,4,2026-01-26T23:44:41.327637
1116,164,view,2,2026-01-26T23:44:41.832849
267,100,view,4,2026-01-26T23:44:42.346187
1018,171,view,1,2026-01-26T23:44:42.859273
277,150,view,3,2026-01-26T23:44:43.368407
314,175,view,5,2026-01-26T23:44:43.878217
807,196,purchase,5,2026-01-26T23:44:44.391561
579,155,purchase,4,2026-01-26T23:44:44.897110
570,187,view,4,2026-01-26T23:44:45.404283
683,123,view,3,2026-01-26T23:44:45.912330
818,130,view,1,2026-01-26T23:44:46.419486
362,125,add_to_cart,2,2026-01-26T23:44:46.932594
45,128,add_to_cart,2,2026-01-26T23:44:47.439061
619,184,purchase,1,2026-01-26T23:44:47.944878
1464,119,add_to_cart,5,2026-01-26T23:44:48.452175
1103,107,view,2,2026-01-26T23:44:48.965444
1120,189,add_to_cart,3,2026-01-26T23:44:49.479720
1425,150,view,4,2026-01-26T23:44:49.992273
909,105,view,5,2026-01-26T23:44:50.498524
688,198,view,1,2026-01-26T23:44:51.016173
83,100,view,3,2026-01-26T23:44:51.527425
1104,144,view,2,2026-01-26T23:44:52.034463
840,131,view,5,2026-01-26T23:44:52.544632
85,178,view,5,2026-01-26T23:44:53.056795
577,115,view,4,2026-01-26T23:44:53.568493
308,127,view,2,2026-01-26T23:44:54.074989
1410,119,view,5,2026-01-26T23:44:54.579824
852,188,add_to_cart,3,2026-01-26T23:44:55.086136
484,106,purchase,5,2026-01-26T23:44:55.592451
349,102,view,1,2026-01-26T23:44:56.098015
691,169,view,3,2026-01-26T23:44:56.606664
1244,174,add_to_cart,5,2026-01-27T00:02:52.727763
1179,185,view,4,2026-01-27T00:02:53.100202
818,148,view,3,2026-01-27T00:02:53.463672
80,134,view,4,2026-01-27T00:02:53.829135
1218,183,view,5,2026-01-27T00:02:54.192587
347,192,view,3,2026-01-27T00:02:54.558930
245,139,view,4,2026-01-27T00:02:54.957666
732,197,view,2,2026-01-27T00:03:38.248831
653,166,add_to_cart,3,2026-01-27T00:03:38.734871
1350,102,view,4,2026-01-27T00:03:39.212847
582,192,add_to_cart,3,2026-01-27T00:03:39.687938
562,163,view,4,2026-01-27T00:03:40.164295
426,168,view,3,2026-01-27T00:03:40.640197
1402,148,view,1,2026-01-27T00:03:41.117779
773,142,view,4,2026-01-27T00:03:41.604259
1480,103,add_to_cart,5,2026-01-27T00:03:42.085093
16,167,view,1,2026-01-27T00:03:42.562622
464,158,add_to_cart,2,2026-01-27T00:03:43.039756
1156,108,view,1,2026-01-27T00:03:43.515186
1080,117,view,2,2026-01-27T00:03:43.991494
1468,200,purchase,5,2026-01-27T00:03:44.472005
858,130,view,5,2026-01-27T00:03:44.948334
1128,122,view,3,2026-01-27T00:03:45.424630
1487,122,purchase,1,2026-01-27T00:03:45.902784
59,161,view,1,2026-01-27T00:03:46.378768
1121,134,view,5,2026-01-27T00:03:46.854916
366,168,view,4,2026-01-27T00:03:47.334516
44,160,view,2,2026-01-27T00:03:47.810083
754,119,view,1,2026-01-27T00:03:48.286775
760,158,view,2,2026-01-27T00:03:48.762221
481,125,add_to_cart,2,2026-01-27T00:03:49.240376
572,172,view,2,2026-01-27T00:03:49.717015
33,195,view,5,2026-01-27T00:03:50.194340
129,141,view,4,2026-01-27T00:03:50.672183
783,150,view,5,2026-01-27T00:03:51.147710
282,104,view,2,2026-01-27T00:03:51.624484
753,121,view,1,2026-01-27T00:03:52.099630
941,145,add_to_cart,3,2026-01-27T00:03:52.578526
95,156,view,5,2026-01-27T00:03:53.056765
1356,157,view,4,2026-01-27T00:03:53.538673
400,166,view,2,2026-01-27T00:03:54.014692
53,146,add_to_cart,5,2026-01-27T00:03:54.492556
1359,198,view,3,2026-01-27T00:03:54.969263
1464,114,view,2,2026-01-27T00:03:55.445936
1048,117,add_to_cart,3,2026-01-27T00:03:55.923995
527,190,purchase,4,2026-01-27T00:03:56.402679
448,153,view,5,2026-01-27T00:03:56.881691
57,179,view,3,2026-01-27T00:03:57.361499
159,180,view,1,2026-01-27T00:03:57.838417
659,183,purchase,3,2026-01-27T00:03:58.315559
383,200,add_to_cart,5,2026-01-27T00:03:58.792561
1482,159,view,2,2026-01-27T00:03:59.268352
539,135,view,5,2026-01-27T00:03:59.743540
247,184,view,1,2026-01-27T00:04:00.220783
1136,173,add_to_cart,4,2026-01-27T00:04:00.705412
884,147,add_to_cart,5,2026-01-27T00:04:01.182976
1183,160,view,1,2026-01-27T00:04:01.658415
1356,112,purchase,1,2026-01-27T00:04:02.136422
1018,125,view,4,2026-01-27T00:04:02.624509
1102,126,view,3,2026-01-27T00:04:03.100570
322,167,view,2,2026-01-27T00:04:03.576100
1320,145,view,2,2026-01-27T00:04:04.050789
791,121,view,5,2026-01-27T00:04:04.529306
907,114,purchase,3,2026-01-27T00:04:05.006883
731,186,view,5,2026-01-27T00:04:05.484759
96,116,purchase,2,2026-01-27T00:04:05.961571
408,106,view,1,2026-01-27T00:04:06.439728
31,166,view,1,2026-01-27T00:04:06.915154
408,173,view,5,2026-01-27T00:04:07.392590
1175,130,view,5,2026-01-27T00:04:07.870304
575,177,add_to_cart,2,2026-01-27T00:04:08.346572
729,130,view,3,2026-01-27T00:04:08.824643
586,187,add_to_cart,2,2026-01-27T00:04:09.300803
1149,111,view,3,2026-01-27T00:04:09.776210
297,171,view,3,2026-01-27T00:04:10.252577
652,189,add_to_cart,2,2026-01-27T00:07:39.313170
888,134,view,3,2026-01-27T00:07:39.706731
702,179,view,1,2026-01-27T00:07:40.085023
1293,168,view,3,2026-01-27T00:07:40.465233
1175,111,view,3,2026-01-27T00:07:40.843437
1379,107,add_to_cart,1,2026-01-27T00:07:41.226994
548,117,view,2,2026-01-27T00:07:41.607776
376,166,view,5,2026-01-27T00:07:41.985187
700,167,view,5,2026-01-27T00:07:42.361213
449,188,view,2,2026-01-27T00:07:42.742239
11,147,purchase,3,2026-01-27T00:07:43.118103
925,130,view,1,2026-01-27T00:07:43.499723
138,115,view,4,2026-01-27T00:07:43.877693
767,165,view,4,2026-01-27T00:07:44.262067
701,167,view,2,2026-01-27T00:07:44.639570
1306,148,add_to_cart,2,2026-01-27T00:07:45.020751
974,143,view,4,2026-01-27T00:07:45.397355
1393,169,add_to_cart,2,2026-01-27T00:07:45.778239
559,159,view,4,2026-01-27T00:07:46.163454
568,121,view,5,2026-01-27T00:07:46.539743
1308,162,purchase,5,2026-01-27T00:07:46.919606
615,103,view,1,2026-01-27T00:07:47.299661
625,114,view,1,2026-01-27T00:07:47.677451
1022,184,view,4,2026-01-27T00:07:48.054784
1028,132,add_to_cart,1,2026-01-27T00:07:48.462802
26,118,add_to_cart,4,2026-01-27T00:07:48.840861
905,123,view,4,2026-01-27T00:07:49.227457
909,135,view,1,2026-01-27T00:07:49.606099
369,102,view,1,2026-01-27T00:07:49.982684
260,125,add_to_cart,1,2026-01-27T00:07:50.359951
1399,166,view,2,2026-01-27T00:07:50.735541
1136,123,view,1,2026-01-27T00:07:51.114365
658,165,view,5,2026-01-27T00:07:51.495524
240,119,view,5,2026-01-27T00:07:51.873332
1463,167,add_to_cart,1,2026-01-27T00:07:52.249601
1455,123,view,2,2026-01-27T00:07:52.625837
214,113,view,5,2026-01-27T00:07:53.002809
356,145,view,4,2026-01-27T00:07:53.382481
1469,176,view,4,2026-01-27T00:07:53.758505
475,136,view,2,2026-01-27T00:07:54.143666
51,155,view,2,2026-01-27T00:07:54.527142
1208,183,view,1,2026-01-27T00:07:54.908547
913,176,add_to_cart,4,2026-01-27T00:07:55.286360
545,156,view,5,2026-01-27T00:07:55.664635
1031,100,view,4,2026-01-27T00:07:56.045448
1302,188,view,1,2026-01-27T00:07:56.424372
41,191,add_to_cart,5,2026-01-27T00:07:56.801439
1449,200,view,3,2026-01-27T00:07:57.179611
814,160,view,2,2026-01-27T00:07:57.556515
1064,165,add_to_cart,4,2026-01-27T00:07:57.933889
1400,169,add_to_cart,5,2026-01-27T00:07:58.310534
36,192,view,4,2026-01-27T00:07:58.688358
125,116,view,1,2026-01-27T00:07:59.091936
1302,184,view,3,2026-01-27T00:07:59.471817
1393,111,purchase,3,2026-01-27T00:07:59.849942
35,170,add_to_cart,1,2026-01-27T00:08:00.227692
1024,121,view,4,2026-01-27T00:08:00.606585
1183,177,view,1,2026-01-27T00:08:00.982764
108,109,add_to_cart,5,2026-01-27T00:08:01.361726
109,106,view,2,2026-01-27T00:08:01.738470
184,194,add_to_cart,3,2026-01-27T00:08:02.125487
896,153,add_to_cart,2,2026-01-27T00:08:02.501504
293,121,view,2,2026-01-27T00:08:02.878679
256,192,view,5,2026-01-27T00:08:03.257296
847,148,view,4,2026-01-27T00:08:03.636926
1053,128,view,3,2026-01-27T00:08:04.017553
1150,101,view,4,2026-01-27T00:08:04.395786
805,121,view,4,2026-01-27T00:08:04.773218
1044,111,view,3,2026-01-27T00:08:05.149458
461,132,view,1,2026-01-27T00:08:05.525694
424,125,add_to_cart,5,2026-01-27T00:08:05.903817
961,196,view,3,2026-01-27T00:08:06.282183
1148,194,purchase,1,2026-01-27T00:08:06.657815
876,196,view,1,2026-01-27T00:08:07.035348
185,139,view,3,2026-01-27T00:08:07.411618
786,132,view,4,2026-01-27T00:08:07.788919
94,158,view,2,2026-01-27T00:08:08.172861
593,179,add_to_cart,3,2026-01-27T00:08:08.549080
602,138,view,4,2026-01-27T00:08:08.926888
1110,111,view,1,2026-01-27T00:08:09.303649
1024,177,add_to_cart,4,2026-01-27T00:08:09.681244
809,145,add_to_cart,3,2026-01-27T00:08:10.059042
754,123,view,2,2026-01-27T00:08:10.438894
301,192,view,4,2026-01-27T00:08:10.817792
445,192,purchase,3,2026-01-27T00:08:11.197071
1426,197,purchase,1,2026-01-27T00:08:11.577277
559,133,view,5,2026-01-27T00:08:11.956841
958,130,view,4,2026-01-27T00:08:12.338559
1116,200,view,2,2026-01-27T00:08:12.732528
999,144,view,1,2026-01-27T00:08:13.112279
1406,124,view,3,2026-01-27T00:08:13.488459
1139,141,view,1,2026-01-27T00:08:13.864934
1280,142,view,4,2026-01-27T00:08:14.242009
889,142,add_to_cart,4,2026-01-27T00:08:14.617886
151,150,add_to_cart,5,2026-01-27T00:08:14.994030
1201,111,view,5,2026-01-27T00:08:15.372971
78,145,add_to_cart,3,2026-01-27T00:08:15.749692
577,136,view,1,2026-01-27T00:08:16.126104
986,132,add_to_cart,4,2026-01-27T00:08:16.504728
101,150,purchase,4,2026-01-26T18:40:18.484000+00:00
101,150,purchase,4,2026-01-26T18:40:18.484000+00:00
787,129,add_to_cart,5,2026-01-27T17:35:32.701134
502,162,add_to_cart,2,2026-01-27T17:35:33.117045
284,164,view,5,2026-01-27T17:35:33.530141
869,182,add_to_cart,4,2026-01-27T17:35:33.940292
1146,143,view,2,2026-01-27T17:36:07.668725
725,174,add_to_cart,5,2026-01-27T17:36:07.837721
732,122,add_to_cart,5,2026-01-27T17:36:07.997705
33,139,view,2,2026-01-27T17:36:08.157588
843,165,add_to_cart,3,2026-01-27T17:36:08.318402
730,169,view,5,2026-01-27T17:36:08.477822
975,154,purchase,4,2026-01-27T17:36:08.638012
845,176,view,2,2026-01-27T17:36:08.801714
713,137,view,4,2026-01-27T17:36:08.961587
819,156,view,3,2026-01-27T17:36:09.122106
964,165,view,5,2026-01-27T17:36:09.284053
1384,107,view,3,2026-01-27T17:36:09.443584
696,153,view,1,2026-01-27T17:36:09.603536
1068,153,view,3,2026-01-27T17:36:09.764258
78,181,view,4,2026-01-27T17:36:09.924062
85,198,add_to_cart,4,2026-01-27T17:36:10.085132
803,115,view,2,2026-01-27T17:36:10.247071
187,178,add_to_cart,1,2026-01-27T17:36:10.409283
308,188,view,4,2026-01-27T17:36:10.570020
723,147,add_to_cart,4,2026-01-27T17:36:10.729506
1300,181,view,2,2026-01-27T17:36:10.888988
315,185,view,5,2026-01-27T17:36:11.048737
4,164,view,3,2026-01-27T17:36:11.208175
733,126,view,3,2026-01-27T17:36:11.369676
1116,199,view,1,2026-01-27T17:36:11.529501
1096,155,view,4,2026-01-27T17:36:11.689350
584,147,add_to_cart,1,2026-01-27T17:36:11.850642
105,167,view,2,2026-01-27T17:36:12.012396
1340,168,view,4,2026-01-27T17:36:12.173362
912,120,add_to_cart,2,2026-01-27T17:36:12.334366
50,192,view,5,2026-01-27T17:36:12.494902
145,106,view,2,2026-01-27T17:36:12.655563
712,130,view,2,2026-01-27T17:36:12.815813
249,175,add_to_cart,4,2026-01-27T17:36:12.975829
1151,120,purchase,3,2026-01-27T17:36:13.137235
643,160,view,2,2026-01-27T17:36:13.298140
1277,146,add_to_cart,4,2026-01-27T17:36:13.457575
1415,145,view,3,2026-01-27T17:36:13.623478
1130,108,add_to_cart,1,2026-01-27T17:36:13.783648
1027,112,view,4,2026-01-27T17:36:13.945352
1166,141,view,5,2026-01-27T17:36:14.105267
634,114,view,2,2026-01-27T17:36:14.266957
1157,153,add_to_cart,2,2026-01-27T17:36:14.427721
731,105,view,1,2026-01-27T17:36:14.589453
1133,149,add_to_cart,4,2026-01-27T17:36:14.749548
524,171,view,1,2026-01-27T17:36:14.910388
797,116,purchase,3,2026-01-27T17:36:15.070982
372,140,view,2,2026-01-27T17:36:15.233561
1083,118,view,1,2026-01-27T17:36:15.393133
640,114,view,3,2026-01-27T17:36:15.553558
530,163,add_to_cart,1,2026-01-27T17:36:15.712263
218,101,view,1,2026-01-27T17:36:15.871595
986,186,view,3,2026-01-27T17:36:16.032251
192,134,view,4,2026-01-27T17:36:16.192556
482,154,view,4,2026-01-27T17:36:16.351649
668,101,view,1,2026-01-27T17:36:16.511564
777,198,view,1,2026-01-27T17:36:16.671401
315,102,view,2,2026-01-27T17:36:16.832884
1044,144,view,1,2026-01-27T17:36:16.992261
1465,146,view,1,2026-01-27T17:36:17.152120
1346,199,add_to_cart,5,2026-01-27T17:36:17.311091
1193,100,view,2,2026-01-27T17:36:17.471301
1225,155,view,1,2026-01-27T17:36:17.633360
674,109,view,1,2026-01-27T17:36:17.792744
68,144,view,5,2026-01-27T17:36:17.953187
766,147,add_to_cart,3,2026-01-27T17:36:18.114101
98,170,view,5,2026-01-27T17:36:18.274682
922,113,view,4,2026-01-27T17:36:18.434494
490,131,add_to_cart,4,2026-01-27T17:36:18.593575
845,182,view,2,2026-01-27T17:36:18.756934
118,156,add_to_cart,1,2026-01-27T17:36:18.919230
951,117,purchase,2,2026-01-27T17:36:19.080485
902,131,view,5,2026-01-27T17:36:19.239463
1022,181,add_to_cart,3,2026-01-27T17:36:19.399527
1404,122,add_to_cart,3,2026-01-27T17:36:19.561638
1485,187,view,1,2026-01-27T17:36:19.721231
389,137,view,2,2026-01-27T17:36:19.883213
1148,132,view,5,2026-01-27T17:36:20.041983
125,116,view,4,2026-01-27T17:36:20.200818
66,103,add_to_cart,3,2026-01-27T17:36:20.359293
619,184,view,4,2026-01-27T17:36:20.519721
685,178,add_to_cart,2,2026-01-27T17:36:20.678821
673,133,view,4,2026-01-27T17:36:20.838493
823,113,view,3,2026-01-27T17:36:21.002478
1476,158,view,2,2026-01-27T17:36:21.163461
1451,142,view,3,2026-01-27T17:36:21.323571
1124,126,view,4,2026-01-27T17:36:21.482544
1419,198,view,1,2026-01-27T17:36:21.642900
86,119,view,4,2026-01-27T17:36:21.802404
252,136,view,1,2026-01-27T17:36:21.962813
864,163,view,4,2026-01-27T17:36:22.123166
76,196,view,1,2026-01-28T00:30:20.704921
963,136,purchase,5,2026-01-28T00:30:20.977017
649,152,view,4,2026-01-28T00:30:21.233219
1099,106,view,2,2026-01-28T00:30:21.489608
268,143,view,5,2026-01-28T00:30:21.748391
1144,154,purchase,4,2026-01-28T00:30:22.005047
1429,136,add_to_cart,1,2026-01-28T00:30:22.263263
1445,192,view,5,2026-01-28T00:30:22.519076
1464,149,view,1,2026-01-28T00:30:22.773114
1386,170,purchase,1,2026-01-28T00:30:23.029296
693,132,view,1,2026-01-28T00:30:23.283487
1390,170,view,2,2026-01-28T00:30:23.538679
817,177,add_to_cart,5,2026-01-28T00:30:23.796766
777,185,purchase,4,2026-01-28T00:30:24.054036
751,170,view,3,2026-01-28T00:30:24.311707
790,163,view,3,2026-01-28T00:30:24.567931
1212,142,add_to_cart,4,2026-01-28T00:30:44.946665
717,108,add_to_cart,4,2026-01-28T00:30:45.392219
1442,119,purchase,3,2026-01-28T00:30:45.829148
134,174,view,5,2026-01-28T00:30:46.264289
533,164,purchase,2,2026-01-28T00:30:46.700031
1460,100,add_to_cart,5,2026-01-28T00:30:47.135595
1145,107,add_to_cart,1,2026-01-28T00:30:47.571667
616,115,view,3,2026-01-28T00:30:48.015868
614,156,purchase,1,2026-01-28T00:30:48.451990
231,156,view,5,2026-01-28T00:30:48.887018
800,144,purchase,3,2026-01-28T00:30:49.324020
1440,189,view,2,2026-01-28T00:30:49.761916
972,137,purchase,3,2026-01-28T00:30:50.201293
926,199,view,4,2026-01-28T00:30:50.634788
431,186,view,5,2026-01-28T00:30:51.070636
1249,173,view,2,2026-01-28T00:30:51.505698
692,183,purchase,4,2026-01-28T00:30:51.940821
1116,150,view,2,2026-01-28T00:30:52.378822
1212,102,add_to_cart,3,2026-01-28T00:30:52.818456
1164,193,view,1,2026-01-28T00:30:53.255387
647,141,view,1,2026-01-28T00:30:53.691409
694,191,add_to_cart,3,2026-01-28T00:30:54.128026
75,141,add_to_cart,5,2026-01-28T00:30:54.563968
957,191,add_to_cart,4,2026-01-28T00:30:54.999128
1219,169,add_to_cart,4,2026-01-28T00:30:55.436448
821,196,view,5,2026-01-28T00:30:55.876887
1385,140,view,4,2026-01-28T00:30:56.311569
1433,128,view,4,2026-01-28T00:30:56.748938
330,173,purchase,3,2026-01-28T00:30:57.186284
707,169,view,1,2026-01-28T00:30:57.623062
631,138,view,2,2026-01-28T00:30:58.057338
239,136,add_to_cart,5,2026-01-28T00:30:58.493689
1410,135,view,2,2026-01-28T00:30:58.933242
226,142,view,4,2026-01-28T00:30:59.370578
218,122,view,5,2026-01-28T00:30:59.806143
711,175,add_to_cart,1,2026-01-28T00:31:00.245262
1473,112,view,1,2026-01-28T00:31:00.684526
527,173,view,5,2026-01-28T00:31:01.120852
1338,138,add_to_cart,4,2026-01-28T00:31:01.554869
219,187,add_to_cart,4,2026-01-28T00:31:01.995400
667,170,view,4,2026-01-28T00:31:02.431250
539,179,purchase,5,2026-01-28T00:31:02.868776
1337,123,view,5,2026-01-28T00:31:03.308289
280,130,view,4,2026-01-28T00:31:03.742413
782,143,view,4,2026-01-28T00:31:04.181934
967,134,add_to_cart,5,2026-01-28T00:31:04.618451
1240,100,view,1,2026-01-28T00:31:05.054437
1083,153,view,2,2026-01-28T00:31:05.494423
96,137,view,5,2026-01-28T00:31:05.929234
1257,149,view,5,2026-01-28T00:31:06.365579
72,119,view,1,2026-01-28T00:31:06.801222
609,128,view,1,2026-01-28T00:31:07.238958
506,156,view,3,2026-01-28T00:31:07.679535
722,119,view,2,2026-01-28T00:31:08.115401
1060,146,purchase,3,2026-01-28T00:31:08.551226
185,102,view,1,2026-01-28T00:31:08.988198
125,200,view,3,2026-01-28T00:31:09.424451
1261,182,add_to_cart,3,2026-01-28T00:31:09.859882
322,194,add_to_cart,1,2026-01-28T00:31:10.295287
948,134,view,4,2026-01-28T00:31:10.733219
1370,130,view,1,2026-01-28T00:31:11.172627
663,129,view,3,2026-01-28T00:31:11.610477
417,197,view,4,2026-01-28T00:31:12.047614
719,151,view,2,2026-01-28T00:31:12.486733
591,168,view,3,2026-01-28T00:31:12.922971
414,130,add_to_cart,1,2026-01-28T00:31:13.367691
372,123,view,4,2026-01-28T00:31:13.807019
785,127,view,4,2026-01-28T00:31:14.245557
842,188,purchase,4,2026-01-28T00:31:14.680558
1373,184,view,5,2026-01-28T00:31:15.116834
336,152,view,5,2026-01-28T00:31:15.553336
1445,148,view,2,2026-01-28T00:31:15.989887
115,107,view,5,2026-01-28T00:31:16.424846
514,160,view,5,2026-01-28T00:31:16.861422
832,175,view,5,2026-01-28T00:31:17.297913
413,187,view,1,2026-01-28T00:31:17.734233
1138,161,add_to_cart,3,2026-01-28T00:31:18.169898
1452,122,view,2,2026-01-28T00:31:18.603382
959,117,view,2,2026-01-28T00:31:37.488444
488,138,purchase,3,2026-01-28T00:31:37.658420
1040,186,add_to_cart,5,2026-01-28T00:31:37.830290
1074,172,add_to_cart,2,2026-01-28T00:31:37.997579
228,133,add_to_cart,4,2026-01-28T00:31:38.166326
851,149,view,1,2026-01-28T00:31:38.336194
252,156,view,4,2026-01-28T00:31:38.506941
1429,136,view,1,2026-01-28T00:31:38.671971
169,197,add_to_cart,1,2026-01-28T00:31:38.840420
917,170,view,2,2026-01-28T00:31:39.011539
89,167,view,5,2026-01-28T00:31:39.180307
888,167,purchase,5,2026-01-28T00:31:39.352257
1371,107,view,3,2026-01-28T00:31:39.519800
1489,190,view,3,2026-01-28T00:31:39.685817
1352,109,view,1,2026-01-28T00:31:39.853927
814,101,view,3,2026-01-28T00:31:40.021555
1237,168,add_to_cart,5,2026-01-28T00:31:40.187576
130,106,view,1,2026-01-28T00:31:40.355544
1271,185,view,5,2026-01-28T00:31:40.522713
1310,122,view,3,2026-01-28T00:31:40.690294
1193,191,purchase,2,2026-01-28T00:31:40.862331
1254,121,view,5,2026-01-28T00:31:41.032804
56,112,purchase,3,2026-01-28T00:31:41.201285
71,175,view,4,2026-01-28T00:31:41.368341
354,141,purchase,3,2026-01-28T00:31:41.536099
1370,119,view,2,2026-01-28T00:31:41.703809
196,190,purchase,1,2026-01-28T00:31:41.871996
858,136,view,2,2026-01-28T00:31:42.041354
622,183,view,4,2026-01-28T00:31:42.212805
649,101,view,4,2026-01-28T00:31:42.382750
374,162,view,1,2026-01-28T00:31:42.550927
1008,117,add_to_cart,5,2026-01-28T00:31:42.718710
499,175,purchase,3,2026-01-28T00:31:42.887935
543,187,add_to_cart,4,2026-01-28T00:31:43.056152
510,109,add_to_cart,2,2026-01-28T00:31:43.295997
938,114,view,5,2026-01-28T00:31:43.461923
1371,165,view,5,2026-01-28T00:31:43.628170
23,190,add_to_cart,3,2026-01-28T00:31:43.795271
166,156,view,1,2026-01-28T00:31:43.960489
359,134,purchase,1,2026-01-28T00:31:44.129955
111,144,view,3,2026-01-28T00:31:44.298058
157,191,add_to_cart,4,2026-01-28T00:31:44.469046
1116,154,view,3,2026-01-28T00:31:44.635263
886,154,add_to_cart,4,2026-01-28T00:31:44.801720
1290,157,view,3,2026-01-28T00:31:44.991254
124,149,add_to_cart,4,2026-01-28T00:31:45.158302
406,182,view,2,2026-01-28T00:31:45.448024
1170,126,view,3,2026-01-28T00:31:45.679604
135,189,view,4,2026-01-28T00:31:45.883842
734,187,view,3,2026-01-28T00:31:46.092528
135,197,add_to_cart,4,2026-01-28T00:31:46.259350
749,131,view,4,2026-01-28T00:31:46.449250
581,155,view,1,2026-01-28T00:31:46.653374
235,106,view,1,2026-01-28T00:31:46.821435
448,173,view,2,2026-01-28T00:31:46.990739
155,190,view,1,2026-01-28T00:31:47.161332
71,162,view,5,2026-01-28T00:31:47.330281
1498,189,view,3,2026-01-28T00:31:47.497288
1308,150,view,2,2026-01-28T00:31:47.666888
1184,136,view,4,2026-01-28T00:31:47.834838
1167,128,view,5,2026-01-28T00:31:48.004149
600,161,purchase,4,2026-01-28T00:31:48.170398
707,125,add_to_cart,5,2026-01-28T00:31:48.335930
1247,115,view,2,2026-01-28T00:31:48.504055
628,200,add_to_cart,4,2026-01-28T00:31:48.672502
1367,160,view,1,2026-01-28T00:31:48.838103
1018,110,view,4,2026-01-28T00:31:49.005919
1145,107,add_to_cart,1,2026-01-28T00:30:47.571667
616,115,view,3,2026-01-28T00:30:48.015868
614,156,purchase,1,2026-01-28T00:30:48.451990
231,156,view,5,2026-01-28T00:30:48.887018
800,144,purchase,3,2026-01-28T00:30:49.324020
1440,189,view,2,2026-01-28T00:30:49.761916
972,137,purchase,3,2026-01-28T00:30:50.201293
926,199,view,4,2026-01-28T00:30:50.634788
431,186,view,5,2026-01-28T00:30:51.070636
1249,173,view,2,2026-01-28T00:30:51.505698
692,183,purchase,4,2026-01-28T00:30:51.940821
1116,150,view,2,2026-01-28T00:30:52.378822
1212,102,add_to_cart,3,2026-01-28T00:30:52.818456
1164,193,view,1,2026-01-28T00:30:53.255387
647,141,view,1,2026-01-28T00:30:53.691409
694,191,add_to_cart,3,2026-01-28T00:30:54.128026
75,141,add_to_cart,5,2026-01-28T00:30:54.563968
957,191,add_to_cart,4,2026-01-28T00:30:54.999128
1219,169,add_to_cart,4,2026-01-28T00:30:55.436448
821,196,view,5,2026-01-28T00:30:55.876887
1385,140,view,4,2026-01-28T00:30:56.311569
1433,128,view,4,2026-01-28T00:30:56.748938
330,173,purchase,3,2026-01-28T00:30:57.186284
707,169,view,1,2026-01-28T00:30:57.623062
631,138,view,2,2026-01-28T00:30:58.057338
239,136,add_to_cart,5,2026-01-28T00:30:58.493689
1410,135,view,2,2026-01-28T00:30:58.933242
226,142,view,4,2026-01-28T00:30:59.370578
218,122,view,5,2026-01-28T00:30:59.806143
711,175,add_to_cart,1,2026-01-28T00:31:00.245262
1473,112,view,1,2026-01-28T00:31:00.684526
527,173,view,5,2026-01-28T00:31:01.120852
1338,138,add_to_cart,4,2026-01-28T00:31:01.554869
219,187,add_to_cart,4,2026-01-28T00:31:01.995400
667,170,view,4,2026-01-28T00:31:02.431250
539,179,purchase,5,2026-01-28T00:31:02.868776
1337,123,view,5,2026-01-28T00:31:03.308289
280,130,view,4,2026-01-28T00:31:03.742413
782,143,view,4,2026-01-28T00:31:04.181934
967,134,add_to_cart,5,2026-01-28T00:31:04.618451
1240,100,view,1,2026-01-28T00:31:05.054437
1083,153,view,2,2026-01-28T00:31:05.494423
96,137,view,5,2026-01-28T00:31:05.929234
1257,149,view,5,2026-01-28T00:31:06.365579
72,119,view,1,2026-01-28T00:31:06.801222
609,128,view,1,2026-01-28T00:31:07.238958
506,156,view,3,2026-01-28T00:31:07.679535
722,119,view,2,2026-01-28T00:31:08.115401
1060,146,purchase,3,2026-01-28T00:31:08.551226
185,102,view,1,2026-01-28T00:31:08.988198
125,200,view,3,2026-01-28T00:31:09.424451
1261,182,add_to_cart,3,2026-01-28T00:31:09.859882
322,194,add_to_cart,1,2026-01-28T00:31:10.295287
948,134,view,4,2026-01-28T00:31:10.733219
1370,130,view,1,2026-01-28T00:31:11.172627
663,129,view,3,2026-01-28T00:31:11.610477
417,197,view,4,2026-01-28T00:31:12.047614
719,151,view,2,2026-01-28T00:31:12.486733
591,168,view,3,2026-01-28T00:31:12.922971
414,130,add_to_cart,1,2026-01-28T00:31:13.367691
372,123,view,4,2026-01-28T00:31:13.807019
785,127,view,4,2026-01-28T00:31:14.245557
842,188,purchase,4,2026-01-28T00:31:14.680558
1373,184,view,5,2026-01-28T00:31:15.116834
336,152,view,5,2026-01-28T00:31:15.553336
1445,148,view,2,2026-01-28T00:31:15.989887
115,107,view,5,2026-01-28T00:31:16.424846
514,160,view,5,2026-01-28T00:31:16.861422
832,175,view,5,2026-01-28T00:31:17.297913
413,187,view,1,2026-01-28T00:31:17.734233
1138,161,add_to_cart,3,2026-01-28T00:31:18.169898
1452,122,view,2,2026-01-28T00:31:18.603382
959,117,view,2,2026-01-28T00:31:37.488444
488,138,purchase,3,2026-01-28T00:31:37.658420
1040,186,add_to_cart,5,2026-01-28T00:31:37.830290
1074,172,add_to_cart,2,2026-01-28T00:31:37.997579
228,133,add_to_cart,4,2026-01-28T00:31:38.166326
851,149,view,1,2026-01-28T00:31:38.336194
252,156,view,4,2026-01-28T00:31:38.506941
1429,136,view,1,2026-01-28T00:31:38.671971
169,197,add_to_cart,1,2026-01-28T00:31:38.840420
917,170,view,2,2026-01-28T00:31:39.011539
89,167,view,5,2026-01-28T00:31:39.180307
888,167,purchase,5,2026-01-28T00:31:39.352257
1371,107,view,3,2026-01-28T00:31:39.519800
1489,190,view,3,2026-01-28T00:31:39.685817
1352,109,view,1,2026-01-28T00:31:39.853927
814,101,view,3,2026-01-28T00:31:40.021555
1237,168,add_to_cart,5,2026-01-28T00:31:40.187576
130,106,view,1,2026-01-28T00:31:40.355544
1271,185,view,5,2026-01-28T00:31:40.522713
1310,122,view,3,2026-01-28T00:31:40.690294
1193,191,purchase,2,2026-01-28T00:31:40.862331
1254,121,view,5,2026-01-28T00:31:41.032804
56,112,purchase,3,2026-01-28T00:31:41.201285
71,175,view,4,2026-01-28T00:31:41.368341
354,141,purchase,3,2026-01-28T00:31:41.536099
1370,119,view,2,2026-01-28T00:31:41.703809
196,190,purchase,1,2026-01-28T00:31:41.871996
858,136,view,2,2026-01-28T00:31:42.041354
622,183,view,4,2026-01-28T00:31:42.212805
649,101,view,4,2026-01-28T00:31:42.382750
374,162,view,1,2026-01-28T00:31:42.550927
1008,117,add_to_cart,5,2026-01-28T00:31:42.718710
499,175,purchase,3,2026-01-28T00:31:42.887935
543,187,add_to_cart,4,2026-01-28T00:31:43.056152
510,109,add_to_cart,2,2026-01-28T00:31:43.295997
938,114,view,5,2026-01-28T00:31:43.461923
1371,165,view,5,2026-01-28T00:31:43.628170
23,190,add_to_cart,3,2026-01-28T00:31:43.795271
166,156,view,1,2026-01-28T00:31:43.960489
359,134,purchase,1,2026-01-28T00:31:44.129955
111,144,view,3,2026-01-28T00:31:44.298058
157,191,add_to_cart,4,2026-01-28T00:31:44.469046
1116,154,view,3,2026-01-28T00:31:44.635263
886,154,add_to_cart,4,2026-01-28T00:31:44.801720
1290,157,view,3,2026-01-28T00:31:44.991254
124,149,add_to_cart,4,2026-01-28T00:31:45.158302
406,182,view,2,2026-01-28T00:31:45.448024
1170,126,view,3,2026-01-28T00:31:45.679604
135,189,view,4,2026-01-28T00:31:45.883842
734,187,view,3,2026-01-28T00:31:46.092528
135,197,add_to_cart,4,2026-01-28T00:31:46.259350
749,131,view,4,2026-01-28T00:31:46.449250
581,155,view,1,2026-01-28T00:31:46.653374
235,106,view,1,2026-01-28T00:31:46.821435
448,173,view,2,2026-01-28T00:31:46.990739
155,190,view,1,2026-01-28T00:31:47.161332
71,162,view,5,2026-01-28T00:31:47.330281
1498,189,view,3,2026-01-28T00:31:47.497288
1308,150,view,2,2026-01-28T00:31:47.666888
1184,136,view,4,2026-01-28T00:31:47.834838
1167,128,view,5,2026-01-28T00:31:48.004149
600,161,purchase,4,2026-01-28T00:31:48.170398
707,125,add_to_cart,5,2026-01-28T00:31:48.335930
1247,115,view,2,2026-01-28T00:31:48.504055
628,200,add_to_cart,4,2026-01-28T00:31:48.672502
1367,160,view,1,2026-01-28T00:31:48.838103
1018,110,view,4,2026-01-28T00:31:49.005919
1113,138,view,3,2026-01-28T00:32:33.233282
567,101,add_to_cart,5,2026-01-28T00:32:33.647634
489,121,view,5,2026-01-28T00:32:34.056711
50,134,add_to_cart,3,2026-01-28T00:32:34.464436
1154,105,view,4,2026-01-28T00:33:46.606124
212,175,view,2,2026-01-28T00:33:47.097098
1142,198,view,3,2026-01-28T00:33:47.583447
1449,135,view,5,2026-01-28T00:33:48.072160
1172,105,view,5,2026-01-28T00:33:48.559335
1105,107,add_to_cart,1,2026-01-28T00:33:49.045691
472,129,view,3,2026-01-28T00:33:49.532575
1049,198,view,2,2026-01-28T00:33:50.020768
446,157,purchase,2,2026-01-28T00:33:50.505298
1041,154,view,1,2026-01-28T00:33:50.991860
1288,108,add_to_cart,5,2026-01-28T00:33:51.478870
1189,149,add_to_cart,5,2026-01-28T00:33:51.965134
437,177,purchase,5,2026-01-28T00:33:52.450613
992,176,view,3,2026-01-28T00:33:52.939409
495,134,view,5,2026-01-28T00:33:53.426584
211,121,view,1,2026-01-28T00:33:53.910988
1073,109,add_to_cart,1,2026-01-28T00:33:54.398941
210,108,view,4,2026-01-28T00:33:54.886245
1405,123,view,3,2026-01-28T00:33:55.373969
192,190,view,3,2026-01-28T00:33:55.862059
702,192,view,1,2026-01-28T00:33:56.349157
536,144,view,5,2026-01-28T00:33:56.836081
131,116,view,1,2026-01-28T00:33:57.322739
810,161,view,2,2026-01-28T00:33:57.809825
255,123,view,5,2026-01-28T00:33:58.296941
612,124,view,2,2026-01-28T00:33:58.785659
1016,196,view,3,2026-01-28T00:33:59.272740
1300,113,view,3,2026-01-28T00:33:59.760584
1321,144,view,2,2026-01-28T00:34:00.244862
218,141,view,2,2026-01-28T00:34:00.730082
145,109,view,4,2026-01-28T00:34:01.214107
903,100,add_to_cart,5,2026-01-28T00:34:01.701511
1082,167,purchase,1,2026-01-28T00:34:02.189190
1435,188,view,5,2026-01-28T00:34:02.675805
879,190,view,5,2026-01-28T00:35:15.397023
605,150,view,1,2026-01-28T00:35:15.583745
919,178,view,4,2026-01-28T00:35:15.773823
1150,113,view,2,2026-01-28T00:35:15.957897
649,119,view,3,2026-01-28T00:35:16.141062
615,200,purchase,1,2026-01-28T00:35:16.324404
1236,155,view,1,2026-01-28T00:35:16.507278
960,111,purchase,4,2026-01-28T00:35:16.690686
994,178,purchase,5,2026-01-28T00:35:16.874932
1228,102,add_to_cart,2,2026-01-28T00:35:17.058673
774,142,purchase,2,2026-01-28T00:35:17.241588
462,188,view,5,2026-01-28T00:35:17.423171
1155,145,add_to_cart,2,2026-01-28T00:35:17.606294
1451,107,view,2,2026-01-28T00:35:17.788180
1453,117,view,3,2026-01-28T00:35:17.972196
214,140,add_to_cart,2,2026-01-28T00:35:18.155510
1133,158,add_to_cart,3,2026-01-28T00:35:18.338059
476,141,view,5,2026-01-28T00:35:18.520017
514,117,view,5,2026-01-28T00:35:18.703086
735,179,view,4,2026-01-28T00:35:18.885620
357,180,view,5,2026-01-28T00:35:19.068656
338,129,view,1,2026-01-28T00:35:19.252220
1068,145,view,2,2026-01-28T00:35:19.434277
891,194,purchase,4,2026-01-28T00:35:19.613974
213,184,view,5,2026-01-28T00:35:19.794748
727,195,add_to_cart,5,2026-01-28T00:35:19.975815
410,148,purchase,1,2026-01-28T00:35:20.156522
285,109,view,3,2026-01-28T00:35:20.337735
1449,171,purchase,2,2026-01-28T00:35:20.519900
1184,183,add_to_cart,4,2026-01-28T00:35:20.700812
1246,118,view,2,2026-01-28T00:35:20.881446
1269,136,add_to_cart,3,2026-01-28T00:35:21.062119
236,169,view,2,2026-01-28T00:35:21.242243
984,197,view,5,2026-01-28T00:35:21.423014
754,106,view,2,2026-01-28T00:35:21.606787
1405,177,view,2,2026-01-28T00:35:21.786361
298,139,purchase,1,2026-01-28T00:35:21.967994
773,166,view,2,2026-01-28T00:35:22.151018
880,139,view,5,2026-01-28T00:35:22.334829
1336,127,view,1,2026-01-28T00:35:22.516397
1344,118,view,2,2026-01-28T00:35:22.701597
194,182,view,3,2026-01-28T00:35:22.885732
713,179,view,1,2026-01-28T00:35:23.067981
1295,142,add_to_cart,2,2026-01-28T00:35:23.249358
471,182,add_to_cart,1,2026-01-28T00:35:23.430999
249,178,view,4,2026-01-28T00:35:23.612481
257,147,view,3,2026-01-28T00:35:23.795658
741,108,add_to_cart,3,2026-01-28T00:35:23.975334
1070,195,add_to_cart,4,2026-01-28T00:35:24.156616
961,105,add_to_cart,2,2026-01-28T00:35:24.336612
737,112,add_to_cart,5,2026-01-28T00:35:24.517994
861,193,view,5,2026-01-28T00:35:24.698517
1123,103,purchase,4,2026-01-28T00:35:24.879685
765,138,view,4,2026-01-28T00:35:25.061276
497,126,add_to_cart,1,2026-01-28T00:35:25.244140
280,193,add_to_cart,1,2026-01-28T00:35:25.429235
48,101,view,1,2026-01-28T00:35:25.611635
1145,107,add_to_cart,1,2026-01-28T00:30:47.571667
616,115,view,3,2026-01-28T00:30:48.015868
614,156,purchase,1,2026-01-28T00:30:48.451990
231,156,view,5,2026-01-28T00:30:48.887018
800,144,purchase,3,2026-01-28T00:30:49.324020
1440,189,view,2,2026-01-28T00:30:49.761916
972,137,purchase,3,2026-01-28T00:30:50.201293
926,199,view,4,2026-01-28T00:30:50.634788
431,186,view,5,2026-01-28T00:30:51.070636
1249,173,view,2,2026-01-28T00:30:51.505698
692,183,purchase,4,2026-01-28T00:30:51.940821
1116,150,view,2,2026-01-28T00:30:52.378822
1212,102,add_to_cart,3,2026-01-28T00:30:52.818456
1164,193,view,1,2026-01-28T00:30:53.255387
647,141,view,1,2026-01-28T00:30:53.691409
694,191,add_to_cart,3,2026-01-28T00:30:54.128026
75,141,add_to_cart,5,2026-01-28T00:30:54.563968
957,191,add_to_cart,4,2026-01-28T00:30:54.999128
1219,169,add_to_cart,4,2026-01-28T00:30:55.436448
821,196,view,5,2026-01-28T00:30:55.876887
1385,140,view,4,2026-01-28T00:30:56.311569
1433,128,view,4,2026-01-28T00:30:56.748938
330,173,purchase,3,2026-01-28T00:30:57.186284
707,169,view,1,2026-01-28T00:30:57.623062
631,138,view,2,2026-01-28T00:30:58.057338
239,136,add_to_cart,5,2026-01-28T00:30:58.493689
1410,135,view,2,2026-01-28T00:30:58.933242
626,111,view,4,2026-01-28T01:04:21.755278
892,120,view,5,2026-01-28T01:04:22.106287
1438,141,add_to_cart,4,2026-01-28T01:04:22.442986
455,183,view,2,2026-01-28T01:04:22.780878
1097,115,purchase,5,2026-01-28T01:04:23.122615
1085,154,view,2,2026-01-28T01:04:23.459284
348,147,view,3,2026-01-28T01:04:23.802969
33,169,purchase,4,2026-01-28T01:04:24.139796
824,113,view,1,2026-01-28T01:04:24.477630
1438,151,view,4,2026-01-28T01:04:24.814665
49,111,view,5,2026-01-28T01:04:25.151290
490,139,purchase,1,2026-01-28T01:04:25.487712
1259,137,view,2,2026-01-28T01:04:25.826218
816,122,view,2,2026-01-28T01:04:26.165593
1335,138,add_to_cart,3,2026-01-28T01:04:26.501672
16,129,view,1,2026-01-28T01:04:26.837195
660,147,view,2,2026-01-28T01:04:27.175384
383,131,view,4,2026-01-28T01:04:27.510311
1259,168,add_to_cart,3,2026-01-28T01:04:27.849827
657,126,view,1,2026-01-28T01:04:28.185922
306,163,view,5,2026-01-28T01:04:28.521967
1014,184,view,1,2026-01-28T01:04:28.857995
1276,119,view,1,2026-01-28T01:04:29.194398
108,115,view,5,2026-01-28T01:04:29.533012
1178,143,view,5,2026-01-28T01:04:29.870545
1347,130,view,3,2026-01-28T01:04:30.206510
704,148,view,3,2026-01-28T01:04:30.542995
172,156,purchase,4,2026-01-28T01:04:30.880941
718,146,add_to_cart,2,2026-01-28T01:04:31.222257
212,182,view,2,2026-01-28T01:04:31.558012
1198,178,view,3,2026-01-28T01:04:31.893658
871,109,view,5,2026-01-28T01:04:32.228799
63,120,view,1,2026-01-28T01:04:32.565033
1281,115,add_to_cart,3,2026-01-28T01:04:32.900714
1314,132,view,5,2026-01-28T01:04:33.236537
1176,122,view,4,2026-01-28T01:04:33.576479
1074,175,view,4,2026-01-28T01:04:33.914152
308,111,add_to_cart,2,2026-01-28T01:04:34.249809
50,123,view,1,2026-01-28T01:04:34.585778
1241,152,view,2,2026-01-28T01:04:34.924116
1134,161,view,4,2026-01-28T01:04:35.260127
631,184,view,2,2026-01-28T01:04:35.595974
1356,112,add_to_cart,2,2026-01-28T01:04:35.932529
141,136,view,4,2026-01-28T01:04:36.269866
613,114,view,3,2026-01-28T01:04:36.608283
979,154,add_to_cart,2,2026-01-28T01:04:36.943913
296,188,add_to_cart,4,2026-01-28T01:04:37.281270
84,148,view,4,2026-01-28T01:04:37.617735
1025,166,add_to_cart,1,2026-01-28T01:04:37.953428
787,139,view,5,2026-01-28T01:04:38.290634
521,182,add_to_cart,4,2026-01-28T01:04:38.627456
226,141,view,3,2026-01-28T01:04:38.965074
87,197,view,2,2026-01-28T01:04:39.303348
1384,139,add_to_cart,1,2026-01-28T01:04:39.641935
297,186,view,4,2026-01-28T01:04:39.977214
626,124,view,2,2026-01-28T01:04:40.314724
137,140,view,5,2026-01-28T01:04:40.650518
646,109,view,1,2026-01-28T01:04:40.988945
787,137,view,1,2026-01-28T01:04:41.325986
452,159,view,2,2026-01-28T01:04:41.661771
1064,129,view,4,2026-01-28T01:04:41.999184
200,160,view,4,2026-01-28T01:04:42.336376
274,164,add_to_cart,5,2026-01-28T01:04:42.674389
